Prompt Type,QID,Task Sentiment,IAS,Resp,date_generated
user_need_aware,QGEN1,,GPT,"Ciao! Un tornado √® un fenomeno naturale davvero impressionante.  
√à una colonna d'aria che gira molto velocemente e tocca sia le nuvole che il suolo. Immagina una specie di gigantesco cono di vento che si muove sulla terra!  

I tornado si formano quando aria calda e umida che sale dalla terra si incontra con aria fredda che scende dalle nuvole. Questa miscela crea un potente vortice. Alcuni tornado sono piccoli e durano pochi minuti, altri possono essere enormi e fortissimi, capace di sollevare case, automobili e alberi!  

Anche se possono sembrare un po' spaventosi, gli scienziati studiano i tornado per capire come si formano e trovare modi per avvisare le persone in tempo, cos√¨ da mettersi al sicuro.  

Se vuoi, posso anche raccontarti curiosit√† su tornado da record o spiegarti come si formano dentro una tempesta! Ti piacerebbe? üå™Ô∏è",2025-04-26
user_need_aware,QGEN2,,GPT,"Ciao piccolo esploratore curioso!

Un **tornado** √® un fenomeno della natura davvero potente e spettacolare! Immagina un grande imbuto di vento che scende dalle nuvole e gira velocissimo, toccando il suolo. Questo imbuto pu√≤ sollevare polvere, oggetti e persino macchine o alberi se √® davvero forte!

I tornado si formano quando una massa d'aria calda e umida incontra una massa d'aria fredda e secca. L'aria calda sale velocemente sopra quella fredda e, con il vento che soffia in direzioni diverse, si crea una specie di rotazione. Se questa rotazione diventa abbastanza forte, si forma un tornado.

Ci sono tornado piccoli che durano solo pochi minuti e fanno pochi danni, ma alcuni possono essere molto grandi e pericolosi. Per√≤ non preoccuparti troppo: in molte zone del mondo i tornado sono rari, e ci sono sistemi di allerta che aiutano le persone a mettersi subito al sicuro!

Se vuoi, posso anche raccontarti dei tornado pi√π famosi della storia o di quelli pi√π strani! Ti piacerebbe? üå™Ô∏èüòä",2025-04-26
